{
  "firstLayout": "",
  "gdVersion": {
    "build": 99,
    "major": 4,
    "minor": 0,
    "revision": 0
  },
  "properties": {
    "adaptGameResolutionAtRuntime": true,
    "antialiasingMode": "MSAA",
    "antialisingEnabledOnMobile": false,
    "folderProject": false,
    "orientation": "landscape",
    "packageName": "com.example.gamename",
    "pixelsRounding": true,
    "projectUuid": "0aeb634f-5731-407b-890f-fb8487ae46c1",
    "scaleMode": "nearest",
    "sizeOnStartupMode": "adaptWidth",
    "templateSlug": "",
    "useExternalSourceFiles": false,
    "version": "1.0.0",
    "name": "Spry Trip",
    "description": "",
    "author": "",
    "windowWidth": 1280,
    "windowHeight": 720,
    "latestCompilationDirectory": "",
    "maxFPS": 60,
    "minFPS": 20,
    "verticalSync": false,
    "platformSpecificAssets": {},
    "loadingScreen": {
      "backgroundColor": 0,
      "backgroundFadeInDuration": 0.2,
      "backgroundImageResourceName": "",
      "gdevelopLogoStyle": "light",
      "logoAndProgressFadeInDuration": 0.2,
      "logoAndProgressLogoFadeInDelay": 0.2,
      "minDuration": 1.5,
      "progressBarColor": 16777215,
      "progressBarHeight": 20,
      "progressBarMaxWidth": 200,
      "progressBarMinWidth": 40,
      "progressBarWidthPercent": 30,
      "showGDevelopSplash": true,
      "showProgressBar": true
    },
    "watermark": {
      "placement": "bottom-left",
      "showWatermark": true
    },
    "authorIds": [],
    "authorUsernames": [],
    "categories": [],
    "playableDevices": [],
    "extensionProperties": [],
    "platforms": [
      {
        "name": "GDevelop JS platform"
      }
    ],
    "currentPlatform": "GDevelop JS platform"
  },
  "resources": {
    "resources": [
      {
        "alwaysLoaded": false,
        "file": "assets/New image.png",
        "kind": "image",
        "metadata": "{\"extension\":\".png\",\"pskl\":{}}",
        "name": "New image",
        "smoothed": false,
        "userAdded": true
      },
      {
        "alwaysLoaded": false,
        "file": "assets/New image2.png",
        "kind": "image",
        "metadata": "{\"extension\":\".png\",\"pskl\":{}}",
        "name": "New image2",
        "smoothed": false,
        "userAdded": false
      }
    ],
    "resourceFolders": []
  },
  "objects": [],
  "objectsFolderStructure": {
    "folderName": "__ROOT"
  },
  "objectsGroups": [],
  "variables": [],
  "layouts": [
    {
      "b": 209,
      "disableInputWhenNotFocused": true,
      "mangledName": "Untitled_32scene",
      "name": "Untitled scene",
      "r": 209,
      "standardSortMethod": true,
      "stopSoundsOnStartup": true,
      "title": "",
      "v": 209,
      "uiSettings": {
        "grid": false,
        "gridType": "rectangular",
        "gridWidth": 32,
        "gridHeight": 32,
        "gridOffsetX": 0,
        "gridOffsetY": 0,
        "gridColor": 10401023,
        "gridAlpha": 0.8,
        "snap": false,
        "zoomFactor": 0.5117784035210186,
        "windowMask": false
      },
      "objectsGroups": [],
      "variables": [],
      "instances": [
        {
          "angle": 0,
          "customSize": false,
          "height": 0,
          "layer": "",
          "name": "Head",
          "persistentUuid": "a87ccf40-dc18-41d2-bc21-c299216bc2cb",
          "width": 0,
          "x": 629,
          "y": 312,
          "zOrder": 1,
          "numberProperties": [],
          "stringProperties": [],
          "initialVariables": []
        },
        {
          "angle": 0,
          "customSize": false,
          "height": 0,
          "layer": "",
          "name": "Points",
          "persistentUuid": "b7f7339d-67bd-4fde-a1b9-1f8a770a3a4c",
          "width": 0,
          "x": 604,
          "y": 21,
          "zOrder": 2,
          "numberProperties": [],
          "stringProperties": [],
          "initialVariables": []
        }
      ],
      "objects": [
        {
          "assetStoreId": "",
          "name": "New3DBox",
          "type": "Scene3D::Cube3DObject",
          "variables": [],
          "effects": [],
          "behaviors": [],
          "content": {
            "width": 100,
            "height": 100,
            "depth": 100,
            "enableTextureTransparency": false,
            "facesOrientation": "Y",
            "frontFaceResourceName": "",
            "backFaceResourceName": "",
            "backFaceUpThroughWhichAxisRotation": "X",
            "leftFaceResourceName": "",
            "rightFaceResourceName": "",
            "topFaceResourceName": "",
            "bottomFaceResourceName": "",
            "frontFaceVisible": true,
            "backFaceVisible": false,
            "leftFaceVisible": true,
            "rightFaceVisible": true,
            "topFaceVisible": true,
            "bottomFaceVisible": true,
            "frontFaceResourceRepeat": false,
            "backFaceResourceRepeat": false,
            "leftFaceResourceRepeat": false,
            "rightFaceResourceRepeat": false,
            "topFaceResourceRepeat": false,
            "bottomFaceResourceRepeat": false,
            "materialType": "Basic"
          }
        },
        {
          "assetStoreId": "",
          "height": 32,
          "name": "Head",
          "texture": "New image",
          "type": "TiledSpriteObject::TiledSprite",
          "width": 32,
          "variables": [
            {
              "folded": true,
              "name": "Direction",
              "type": "string",
              "value": "None"
            },
            {
              "folded": true,
              "name": "PlayerPoints",
              "type": "number",
              "value": 0
            }
          ],
          "effects": [],
          "behaviors": []
        },
        {
          "assetStoreId": "",
          "bold": false,
          "italic": false,
          "name": "Points",
          "smoothed": true,
          "type": "TextObject::Text",
          "underlined": false,
          "variables": [],
          "effects": [],
          "behaviors": [],
          "string": "Points: 0",
          "font": "",
          "textAlignment": "left",
          "characterSize": 20,
          "color": {
            "b": 0,
            "g": 0,
            "r": 0
          }
        },
        {
          "assetStoreId": "",
          "height": 32,
          "name": "Point",
          "texture": "New image2",
          "type": "TiledSpriteObject::TiledSprite",
          "width": 32,
          "variables": [],
          "effects": [],
          "behaviors": []
        }
      ],
      "objectsFolderStructure": {
        "folderName": "__ROOT",
        "children": [
          {
            "objectName": "New3DBox"
          },
          {
            "objectName": "Head"
          },
          {
            "objectName": "Points"
          },
          {
            "objectName": "Point"
          }
        ]
      },
      "events": [
        {
          "type": "BuiltinCommonInstructions::Standard",
          "conditions": [
            {
              "type": {
                "value": "DepartScene"
              },
              "parameters": [
                ""
              ]
            }
          ],
          "actions": [
            {
              "type": {
                "value": "ResetObjectTimer"
              },
              "parameters": [
                "Head",
                "\"MovementTimer\""
              ]
            }
          ]
        },
        {
          "type": "BuiltinCommonInstructions::Standard",
          "conditions": [
            {
              "type": {
                "value": "KeyPressed"
              },
              "parameters": [
                "",
                "d"
              ]
            }
          ],
          "actions": [
            {
              "type": {
                "value": "ModVarObjetTxt"
              },
              "parameters": [
                "Head",
                "Direction",
                "=",
                "\"Right\""
              ]
            }
          ]
        },
        {
          "type": "BuiltinCommonInstructions::Standard",
          "conditions": [
            {
              "type": {
                "value": "KeyPressed"
              },
              "parameters": [
                "",
                "w"
              ]
            }
          ],
          "actions": [
            {
              "type": {
                "value": "ModVarObjetTxt"
              },
              "parameters": [
                "Head",
                "Direction",
                "=",
                "\"Up\""
              ]
            }
          ]
        },
        {
          "type": "BuiltinCommonInstructions::Standard",
          "conditions": [
            {
              "type": {
                "value": "KeyPressed"
              },
              "parameters": [
                "",
                "a"
              ]
            }
          ],
          "actions": [
            {
              "type": {
                "value": "ModVarObjetTxt"
              },
              "parameters": [
                "Head",
                "Direction",
                "=",
                "\"Left\""
              ]
            }
          ]
        },
        {
          "type": "BuiltinCommonInstructions::Standard",
          "conditions": [
            {
              "type": {
                "value": "KeyPressed"
              },
              "parameters": [
                "",
                "s"
              ]
            }
          ],
          "actions": [
            {
              "type": {
                "value": "ModVarObjetTxt"
              },
              "parameters": [
                "Head",
                "Direction",
                "=",
                "\"Down\""
              ]
            }
          ]
        },
        {
          "type": "BuiltinCommonInstructions::Standard",
          "conditions": [
            {
              "type": {
                "value": "CompareObjectTimer"
              },
              "parameters": [
                "Head",
                "\"MovementTimer\"",
                ">=",
                "1"
              ]
            },
            {
              "type": {
                "value": "VarObjetTxt"
              },
              "parameters": [
                "Head",
                "Direction",
                "=",
                "\"Up\""
              ]
            }
          ],
          "actions": [
            {
              "type": {
                "value": "ResetObjectTimer"
              },
              "parameters": [
                "Head",
                "\"MovementTimer\""
              ]
            },
            {
              "type": {
                "value": "MettreY"
              },
              "parameters": [
                "Head",
                "=",
                "Head.Y() - 32"
              ]
            }
          ]
        },
        {
          "type": "BuiltinCommonInstructions::Standard",
          "conditions": [
            {
              "type": {
                "value": "CompareObjectTimer"
              },
              "parameters": [
                "Head",
                "\"MovementTimer\"",
                ">=",
                "1"
              ]
            },
            {
              "type": {
                "value": "VarObjetTxt"
              },
              "parameters": [
                "Head",
                "Direction",
                "=",
                "\"Down\""
              ]
            }
          ],
          "actions": [
            {
              "type": {
                "value": "ResetObjectTimer"
              },
              "parameters": [
                "Head",
                "\"MovementTimer\""
              ]
            },
            {
              "type": {
                "value": "MettreY"
              },
              "parameters": [
                "Head",
                "=",
                "Head.Y() + 32"
              ]
            }
          ]
        },
        {
          "type": "BuiltinCommonInstructions::Standard",
          "conditions": [
            {
              "type": {
                "value": "CompareObjectTimer"
              },
              "parameters": [
                "Head",
                "\"MovementTimer\"",
                ">=",
                "1"
              ]
            },
            {
              "type": {
                "value": "VarObjetTxt"
              },
              "parameters": [
                "Head",
                "Direction",
                "=",
                "\"Left\""
              ]
            }
          ],
          "actions": [
            {
              "type": {
                "value": "ResetObjectTimer"
              },
              "parameters": [
                "Head",
                "\"MovementTimer\""
              ]
            },
            {
              "type": {
                "value": "MettreX"
              },
              "parameters": [
                "Head",
                "=",
                "Head.X() - 32"
              ]
            }
          ]
        },
        {
          "type": "BuiltinCommonInstructions::Standard",
          "conditions": [
            {
              "type": {
                "value": "CompareObjectTimer"
              },
              "parameters": [
                "Head",
                "\"MovementTimer\"",
                ">=",
                "1"
              ]
            },
            {
              "type": {
                "value": "VarObjetTxt"
              },
              "parameters": [
                "Head",
                "Direction",
                "=",
                "\"Right\""
              ]
            }
          ],
          "actions": [
            {
              "type": {
                "value": "ResetObjectTimer"
              },
              "parameters": [
                "Head",
                "\"MovementTimer\""
              ]
            },
            {
              "type": {
                "value": "MettreX"
              },
              "parameters": [
                "Head",
                "=",
                "Head.X() + 32"
              ]
            }
          ]
        },
        {
          "type": "BuiltinCommonInstructions::Standard",
          "conditions": [
            {
              "type": {
                "value": "PosX"
              },
              "parameters": [
                "Head",
                ">",
                "1280"
              ]
            }
          ],
          "actions": [
            {
              "type": {
                "value": "Delete"
              },
              "parameters": [
                "Head",
                ""
              ]
            }
          ]
        },
        {
          "type": "BuiltinCommonInstructions::Standard",
          "conditions": [
            {
              "type": {
                "value": "PosX"
              },
              "parameters": [
                "Head",
                "<",
                "0"
              ]
            }
          ],
          "actions": [
            {
              "type": {
                "value": "Delete"
              },
              "parameters": [
                "Head",
                ""
              ]
            }
          ]
        },
        {
          "type": "BuiltinCommonInstructions::Standard",
          "conditions": [
            {
              "type": {
                "value": "PosY"
              },
              "parameters": [
                "Head",
                ">",
                "720"
              ]
            }
          ],
          "actions": [
            {
              "type": {
                "value": "Delete"
              },
              "parameters": [
                "Head",
                ""
              ]
            }
          ]
        },
        {
          "type": "BuiltinCommonInstructions::Standard",
          "conditions": [
            {
              "type": {
                "value": "PosY"
              },
              "parameters": [
                "Head",
                "<",
                "0"
              ]
            }
          ],
          "actions": [
            {
              "type": {
                "value": "Delete"
              },
              "parameters": [
                "Head",
                ""
              ]
            }
          ]
        },
        {
          "type": "BuiltinCommonInstructions::Standard",
          "conditions": [
            {
              "type": {
                "value": "SceneInstancesCount"
              },
              "parameters": [
                "",
                "Point",
                "=",
                "0"
              ]
            }
          ],
          "actions": [
            {
              "type": {
                "value": "Create"
              },
              "parameters": [
                "",
                "Point",
                "RandomInRange(0, 1280)",
                "RandomInRange(0, 720)",
                ""
              ]
            }
          ]
        },
        {
          "type": "BuiltinCommonInstructions::Standard",
          "conditions": [
            {
              "type": {
                "value": "CollisionNP"
              },
              "parameters": [
                "Head",
                "Point",
                "",
                "",
                ""
              ]
            }
          ],
          "actions": [
            {
              "type": {
                "value": "ModVarObjet"
              },
              "parameters": [
                "Head",
                "PlayerPoints",
                "+",
                "1"
              ]
            },
            {
              "type": {
                "value": "TextContainerCapability::TextContainerBehavior::SetValue"
              },
              "parameters": [
                "Points",
                "Text",
                "=",
                "\"Points: \" + Head.PlayerPoints"
              ]
            },
            {
              "type": {
                "value": "Delete"
              },
              "parameters": [
                "Point",
                ""
              ]
            }
          ]
        }
      ],
      "layers": [
        {
          "ambientLightColorB": 0,
          "ambientLightColorG": 8042920,
          "ambientLightColorR": 16,
          "camera3DFarPlaneDistance": 10000,
          "camera3DFieldOfView": 45,
          "camera3DNearPlaneDistance": 0.1,
          "followBaseLayerCamera": false,
          "isLightingLayer": false,
          "isLocked": false,
          "name": "",
          "renderingType": "",
          "visibility": true,
          "cameras": [
            {
              "defaultSize": true,
              "defaultViewport": true,
              "height": 0,
              "viewportBottom": 1,
              "viewportLeft": 0,
              "viewportRight": 1,
              "viewportTop": 0,
              "width": 0
            }
          ],
          "effects": []
        }
      ],
      "behaviorsSharedData": [
        {
          "name": "Effect",
          "type": "EffectCapability::EffectBehavior"
        },
        {
          "name": "Flippable",
          "type": "FlippableCapability::FlippableBehavior"
        },
        {
          "name": "Object3D",
          "type": "Scene3D::Base3DBehavior"
        },
        {
          "name": "Opacity",
          "type": "OpacityCapability::OpacityBehavior"
        },
        {
          "name": "Resizable",
          "type": "ResizableCapability::ResizableBehavior"
        },
        {
          "name": "Scale",
          "type": "ScalableCapability::ScalableBehavior"
        },
        {
          "name": "Text",
          "type": "TextContainerCapability::TextContainerBehavior"
        }
      ]
    }
  ],
  "externalEvents": [],
  "eventsFunctionsExtensions": [],
  "externalLayouts": [],
  "externalSourceFiles": []
}